{
  "timestamp": "2025-08-31T12:58:38.644Z",
  "summary": {
    "errors": 35,
    "warnings": 60,
    "checkedFiles": 31
  },
  "fileSizes": {
    "errors": [],
    "warnings": []
  },
  "dependencies": {
    "duplicates": [
      {
        "name": "@babel/code-frame",
        "versions": [
          "7.27.1",
          "7.10.4"
        ]
      },
      {
        "name": "debug",
        "versions": [
          "4.4.1",
          "3.2.7",
          "2.6.9"
        ]
      },
      {
        "name": "color-convert",
        "versions": [
          "2.0.1",
          "1.9.3"
        ]
      },
      {
        "name": "glob",
        "versions": [
          "10.4.5",
          "7.2.3"
        ]
      },
      {
        "name": "strip-ansi",
        "versions": [
          "6.0.1",
          "7.1.0",
          "5.2.0"
        ]
      },
      {
        "name": "string-width",
        "versions": [
          "5.1.2",
          "4.2.3"
        ]
      },
      {
        "name": "wrap-ansi",
        "versions": [
          "8.1.0",
          "7.0.0"
        ]
      },
      {
        "name": "readable-stream",
        "versions": [
          "2.3.8",
          "4.7.0"
        ]
      },
      {
        "name": "string_decoder",
        "versions": [
          "1.1.1",
          "1.3.0"
        ]
      },
      {
        "name": "buffer",
        "versions": [
          "6.0.3",
          "5.7.1"
        ]
      },
      {
        "name": "minimatch",
        "versions": [
          "5.1.6",
          "3.1.2",
          "9.0.5"
        ]
      },
      {
        "name": "brace-expansion",
        "versions": [
          "2.0.2",
          "1.1.12"
        ]
      },
      {
        "name": "resolve",
        "versions": [
          "2.0.0-next.5",
          "1.7.1",
          "1.22.10"
        ]
      },
      {
        "name": "import-fresh",
        "versions": [
          "3.3.1",
          "2.0.0"
        ]
      },
      {
        "name": "js-yaml",
        "versions": [
          "4.1.0",
          "3.14.1"
        ]
      },
      {
        "name": "chalk",
        "versions": [
          "4.1.2",
          "2.4.2"
        ]
      },
      {
        "name": "ansi-styles",
        "versions": [
          "4.3.0",
          "3.2.1"
        ]
      },
      {
        "name": "supports-color",
        "versions": [
          "7.2.0",
          "5.5.0",
          "8.1.1"
        ]
      },
      {
        "name": "find-up",
        "versions": [
          "5.0.0",
          "4.1.0"
        ]
      },
      {
        "name": "locate-path",
        "versions": [
          "6.0.0",
          "5.0.0"
        ]
      },
      {
        "name": "p-locate",
        "versions": [
          "5.0.0",
          "4.1.0"
        ]
      },
      {
        "name": "open",
        "versions": [
          "7.4.2",
          "8.4.2"
        ]
      },
      {
        "name": "send",
        "versions": [
          "0.19.0",
          "0.19.1"
        ]
      },
      {
        "name": "on-finished",
        "versions": [
          "2.4.1",
          "2.3.0"
        ]
      },
      {
        "name": "ws",
        "versions": [
          "6.2.3",
          "8.18.3",
          "7.5.10"
        ]
      },
      {
        "name": "bplist-parser",
        "versions": [
          "0.3.2",
          "0.3.1"
        ]
      },
      {
        "name": "p-limit",
        "versions": [
          "3.1.0",
          "2.3.0"
        ]
      },
      {
        "name": "hermes-parser",
        "versions": [
          "0.25.1",
          "0.29.1"
        ]
      }
    ],
    "unused": [
      {
        "name": "@react-native-picker/picker",
        "suggestion": "No imports found for @react-native-picker/picker. Verify if it's actually used."
      },
      {
        "name": "expo-status-bar",
        "suggestion": "No imports found for expo-status-bar. Verify if it's actually used."
      },
      {
        "name": "@babel/core",
        "suggestion": "No imports found for @babel/core. Verify if it's actually used."
      },
      {
        "name": "eslint",
        "suggestion": "No imports found for eslint. Verify if it's actually used."
      },
      {
        "name": "eslint-plugin-react",
        "suggestion": "No imports found for eslint-plugin-react. Verify if it's actually used."
      },
      {
        "name": "eslint-plugin-react-native",
        "suggestion": "No imports found for eslint-plugin-react-native. Verify if it's actually used."
      },
      {
        "name": "prettier",
        "suggestion": "No imports found for prettier. Verify if it's actually used."
      }
    ]
  },
  "imports": {
    "unusedFiles": [],
    "unusedExports": [],
    "circularDeps": [
      {
        "cycle": [
          "src/app/admin/AdminDashboard.js",
          "src/navigation/AppDrawer.js",
          "src/app/admin/AdminDashboard.js"
        ],
        "suggestion": "Circular dependency: src/app/admin/AdminDashboard.js -> src/navigation/AppDrawer.js -> src/app/admin/AdminDashboard.js. Consider restructuring."
      },
      {
        "cycle": [
          "src/navigation/AppDrawer.js",
          "src/app/teacher/TeacherDashboard.js",
          "src/navigation/AppDrawer.js"
        ],
        "suggestion": "Circular dependency: src/navigation/AppDrawer.js -> src/app/teacher/TeacherDashboard.js -> src/navigation/AppDrawer.js. Consider restructuring."
      },
      {
        "cycle": [
          "src/navigation/AppDrawer.js",
          "src/app/parent/ParentDashboard.js",
          "src/navigation/AppDrawer.js"
        ],
        "suggestion": "Circular dependency: src/navigation/AppDrawer.js -> src/app/parent/ParentDashboard.js -> src/navigation/AppDrawer.js. Consider restructuring."
      },
      {
        "cycle": [
          "src/navigation/AppDrawer.js",
          "src/app/common/TeachersList.js",
          "src/navigation/AppDrawer.js"
        ],
        "suggestion": "Circular dependency: src/navigation/AppDrawer.js -> src/app/common/TeachersList.js -> src/navigation/AppDrawer.js. Consider restructuring."
      },
      {
        "cycle": [
          "src/navigation/AppDrawer.js",
          "src/app/common/StudentsList.js",
          "src/navigation/AppDrawer.js"
        ],
        "suggestion": "Circular dependency: src/navigation/AppDrawer.js -> src/app/common/StudentsList.js -> src/navigation/AppDrawer.js. Consider restructuring."
      },
      {
        "cycle": [
          "src/navigation/AppDrawer.js",
          "src/app/admin/AdminDashboard.js",
          "src/navigation/AppDrawer.js"
        ],
        "suggestion": "Circular dependency: src/navigation/AppDrawer.js -> src/app/admin/AdminDashboard.js -> src/navigation/AppDrawer.js. Consider restructuring."
      },
      {
        "cycle": [
          "src/navigation/AppDrawer.js",
          "src/app/teacher/TeacherDashboard.js",
          "src/navigation/AppDrawer.js"
        ],
        "suggestion": "Circular dependency: src/navigation/AppDrawer.js -> src/app/teacher/TeacherDashboard.js -> src/navigation/AppDrawer.js. Consider restructuring."
      },
      {
        "cycle": [
          "src/navigation/AppDrawer.js",
          "src/app/parent/ParentDashboard.js",
          "src/navigation/AppDrawer.js"
        ],
        "suggestion": "Circular dependency: src/navigation/AppDrawer.js -> src/app/parent/ParentDashboard.js -> src/navigation/AppDrawer.js. Consider restructuring."
      },
      {
        "cycle": [
          "src/navigation/AppDrawer.js",
          "src/app/common/TeachersList.js",
          "src/navigation/AppDrawer.js"
        ],
        "suggestion": "Circular dependency: src/navigation/AppDrawer.js -> src/app/common/TeachersList.js -> src/navigation/AppDrawer.js. Consider restructuring."
      },
      {
        "cycle": [
          "src/app/common/StudentsList.js",
          "src/navigation/AppDrawer.js",
          "src/app/common/StudentsList.js"
        ],
        "suggestion": "Circular dependency: src/app/common/StudentsList.js -> src/navigation/AppDrawer.js -> src/app/common/StudentsList.js. Consider restructuring."
      },
      {
        "cycle": [
          "src/navigation/AppDrawer.js",
          "src/app/admin/AdminDashboard.js",
          "src/navigation/AppDrawer.js"
        ],
        "suggestion": "Circular dependency: src/navigation/AppDrawer.js -> src/app/admin/AdminDashboard.js -> src/navigation/AppDrawer.js. Consider restructuring."
      },
      {
        "cycle": [
          "src/navigation/AppDrawer.js",
          "src/app/teacher/TeacherDashboard.js",
          "src/navigation/AppDrawer.js"
        ],
        "suggestion": "Circular dependency: src/navigation/AppDrawer.js -> src/app/teacher/TeacherDashboard.js -> src/navigation/AppDrawer.js. Consider restructuring."
      },
      {
        "cycle": [
          "src/navigation/AppDrawer.js",
          "src/app/parent/ParentDashboard.js",
          "src/navigation/AppDrawer.js"
        ],
        "suggestion": "Circular dependency: src/navigation/AppDrawer.js -> src/app/parent/ParentDashboard.js -> src/navigation/AppDrawer.js. Consider restructuring."
      },
      {
        "cycle": [
          "src/app/common/TeachersList.js",
          "src/navigation/AppDrawer.js",
          "src/app/common/TeachersList.js"
        ],
        "suggestion": "Circular dependency: src/app/common/TeachersList.js -> src/navigation/AppDrawer.js -> src/app/common/TeachersList.js. Consider restructuring."
      },
      {
        "cycle": [
          "src/navigation/AppDrawer.js",
          "src/app/common/StudentsList.js",
          "src/navigation/AppDrawer.js"
        ],
        "suggestion": "Circular dependency: src/navigation/AppDrawer.js -> src/app/common/StudentsList.js -> src/navigation/AppDrawer.js. Consider restructuring."
      },
      {
        "cycle": [
          "src/navigation/AppDrawer.js",
          "src/app/admin/AdminDashboard.js",
          "src/navigation/AppDrawer.js"
        ],
        "suggestion": "Circular dependency: src/navigation/AppDrawer.js -> src/app/admin/AdminDashboard.js -> src/navigation/AppDrawer.js. Consider restructuring."
      },
      {
        "cycle": [
          "src/navigation/AppDrawer.js",
          "src/app/teacher/TeacherDashboard.js",
          "src/navigation/AppDrawer.js"
        ],
        "suggestion": "Circular dependency: src/navigation/AppDrawer.js -> src/app/teacher/TeacherDashboard.js -> src/navigation/AppDrawer.js. Consider restructuring."
      },
      {
        "cycle": [
          "src/app/parent/ParentDashboard.js",
          "src/navigation/AppDrawer.js",
          "src/app/parent/ParentDashboard.js"
        ],
        "suggestion": "Circular dependency: src/app/parent/ParentDashboard.js -> src/navigation/AppDrawer.js -> src/app/parent/ParentDashboard.js. Consider restructuring."
      },
      {
        "cycle": [
          "src/navigation/AppDrawer.js",
          "src/app/common/TeachersList.js",
          "src/navigation/AppDrawer.js"
        ],
        "suggestion": "Circular dependency: src/navigation/AppDrawer.js -> src/app/common/TeachersList.js -> src/navigation/AppDrawer.js. Consider restructuring."
      },
      {
        "cycle": [
          "src/navigation/AppDrawer.js",
          "src/app/common/StudentsList.js",
          "src/navigation/AppDrawer.js"
        ],
        "suggestion": "Circular dependency: src/navigation/AppDrawer.js -> src/app/common/StudentsList.js -> src/navigation/AppDrawer.js. Consider restructuring."
      },
      {
        "cycle": [
          "src/navigation/AppDrawer.js",
          "src/app/admin/AdminDashboard.js",
          "src/navigation/AppDrawer.js"
        ],
        "suggestion": "Circular dependency: src/navigation/AppDrawer.js -> src/app/admin/AdminDashboard.js -> src/navigation/AppDrawer.js. Consider restructuring."
      },
      {
        "cycle": [
          "src/app/teacher/TeacherDashboard.js",
          "src/navigation/AppDrawer.js",
          "src/app/teacher/TeacherDashboard.js"
        ],
        "suggestion": "Circular dependency: src/app/teacher/TeacherDashboard.js -> src/navigation/AppDrawer.js -> src/app/teacher/TeacherDashboard.js. Consider restructuring."
      },
      {
        "cycle": [
          "src/navigation/AppDrawer.js",
          "src/app/parent/ParentDashboard.js",
          "src/navigation/AppDrawer.js"
        ],
        "suggestion": "Circular dependency: src/navigation/AppDrawer.js -> src/app/parent/ParentDashboard.js -> src/navigation/AppDrawer.js. Consider restructuring."
      },
      {
        "cycle": [
          "src/navigation/AppDrawer.js",
          "src/app/common/TeachersList.js",
          "src/navigation/AppDrawer.js"
        ],
        "suggestion": "Circular dependency: src/navigation/AppDrawer.js -> src/app/common/TeachersList.js -> src/navigation/AppDrawer.js. Consider restructuring."
      },
      {
        "cycle": [
          "src/navigation/AppDrawer.js",
          "src/app/common/StudentsList.js",
          "src/navigation/AppDrawer.js"
        ],
        "suggestion": "Circular dependency: src/navigation/AppDrawer.js -> src/app/common/StudentsList.js -> src/navigation/AppDrawer.js. Consider restructuring."
      },
      {
        "cycle": [
          "src/navigation/AppDrawer.js",
          "src/app/admin/AdminDashboard.js",
          "src/navigation/AppDrawer.js"
        ],
        "suggestion": "Circular dependency: src/navigation/AppDrawer.js -> src/app/admin/AdminDashboard.js -> src/navigation/AppDrawer.js. Consider restructuring."
      },
      {
        "cycle": [
          "src/navigation/AppDrawer.js",
          "src/app/teacher/TeacherDashboard.js",
          "src/navigation/AppDrawer.js"
        ],
        "suggestion": "Circular dependency: src/navigation/AppDrawer.js -> src/app/teacher/TeacherDashboard.js -> src/navigation/AppDrawer.js. Consider restructuring."
      },
      {
        "cycle": [
          "src/navigation/AppDrawer.js",
          "src/app/parent/ParentDashboard.js",
          "src/navigation/AppDrawer.js"
        ],
        "suggestion": "Circular dependency: src/navigation/AppDrawer.js -> src/app/parent/ParentDashboard.js -> src/navigation/AppDrawer.js. Consider restructuring."
      },
      {
        "cycle": [
          "src/navigation/AppDrawer.js",
          "src/app/common/TeachersList.js",
          "src/navigation/AppDrawer.js"
        ],
        "suggestion": "Circular dependency: src/navigation/AppDrawer.js -> src/app/common/TeachersList.js -> src/navigation/AppDrawer.js. Consider restructuring."
      },
      {
        "cycle": [
          "src/navigation/AppDrawer.js",
          "src/app/common/StudentsList.js",
          "src/navigation/AppDrawer.js"
        ],
        "suggestion": "Circular dependency: src/navigation/AppDrawer.js -> src/app/common/StudentsList.js -> src/navigation/AppDrawer.js. Consider restructuring."
      },
      {
        "cycle": [
          "src/navigation/AppDrawer.js",
          "src/app/admin/AdminDashboard.js",
          "src/navigation/AppDrawer.js"
        ],
        "suggestion": "Circular dependency: src/navigation/AppDrawer.js -> src/app/admin/AdminDashboard.js -> src/navigation/AppDrawer.js. Consider restructuring."
      },
      {
        "cycle": [
          "src/navigation/AppDrawer.js",
          "src/app/teacher/TeacherDashboard.js",
          "src/navigation/AppDrawer.js"
        ],
        "suggestion": "Circular dependency: src/navigation/AppDrawer.js -> src/app/teacher/TeacherDashboard.js -> src/navigation/AppDrawer.js. Consider restructuring."
      },
      {
        "cycle": [
          "src/navigation/AppDrawer.js",
          "src/app/parent/ParentDashboard.js",
          "src/navigation/AppDrawer.js"
        ],
        "suggestion": "Circular dependency: src/navigation/AppDrawer.js -> src/app/parent/ParentDashboard.js -> src/navigation/AppDrawer.js. Consider restructuring."
      },
      {
        "cycle": [
          "src/navigation/AppDrawer.js",
          "src/app/common/TeachersList.js",
          "src/navigation/AppDrawer.js"
        ],
        "suggestion": "Circular dependency: src/navigation/AppDrawer.js -> src/app/common/TeachersList.js -> src/navigation/AppDrawer.js. Consider restructuring."
      },
      {
        "cycle": [
          "src/navigation/AppDrawer.js",
          "src/app/common/StudentsList.js",
          "src/navigation/AppDrawer.js"
        ],
        "suggestion": "Circular dependency: src/navigation/AppDrawer.js -> src/app/common/StudentsList.js -> src/navigation/AppDrawer.js. Consider restructuring."
      }
    ]
  },
  "codeQuality": {
    "eslint": [],
    "prettier": [
      {
        "path": "src/app/admin/AdminDashboard.js",
        "message": "File is not formatted according to Prettier rules",
        "severity": "warning"
      },
      {
        "path": "src/app/auth/Login.js",
        "message": "File is not formatted according to Prettier rules",
        "severity": "warning"
      },
      {
        "path": "src/app/auth/SchoolSelect.js",
        "message": "File is not formatted according to Prettier rules",
        "severity": "warning"
      },
      {
        "path": "src/app/common/StudentsList.js",
        "message": "File is not formatted according to Prettier rules",
        "severity": "warning"
      },
      {
        "path": "src/app/common/TeachersList.js",
        "message": "File is not formatted according to Prettier rules",
        "severity": "warning"
      },
      {
        "path": "src/app/parent/ParentDashboard.js",
        "message": "File is not formatted according to Prettier rules",
        "severity": "warning"
      },
      {
        "path": "src/app/teacher/TeacherDashboard.js",
        "message": "File is not formatted according to Prettier rules",
        "severity": "warning"
      },
      {
        "path": "src/components/RefreshableScrollView.js",
        "message": "File is not formatted according to Prettier rules",
        "severity": "warning"
      },
      {
        "path": "src/components/ThemeToggle.js",
        "message": "File is not formatted according to Prettier rules",
        "severity": "warning"
      },
      {
        "path": "src/constants/colors.js",
        "message": "File is not formatted according to Prettier rules",
        "severity": "warning"
      },
      {
        "path": "src/constants/schools.js",
        "message": "File is not formatted according to Prettier rules",
        "severity": "warning"
      },
      {
        "path": "src/lib/api.js",
        "message": "File is not formatted according to Prettier rules",
        "severity": "warning"
      },
      {
        "path": "src/lib/storage.js",
        "message": "File is not formatted according to Prettier rules",
        "severity": "warning"
      },
      {
        "path": "src/navigation/AppDrawer.js",
        "message": "File is not formatted according to Prettier rules",
        "severity": "warning"
      },
      {
        "path": "src/navigation/index.js",
        "message": "File is not formatted according to Prettier rules",
        "severity": "warning"
      },
      {
        "path": "src/state/session.js",
        "message": "File is not formatted according to Prettier rules",
        "severity": "warning"
      },
      {
        "path": "src/state/theme.js",
        "message": "File is not formatted according to Prettier rules",
        "severity": "warning"
      },
      {
        "path": "Code style issues found in 17 files. Run Prettier with --write to fix.",
        "message": "File is not formatted according to Prettier rules",
        "severity": "warning"
      }
    ]
  },
  "security": {
    "secrets": []
  },
  "navigation": {
    "missingScreens": [],
    "unusedScreens": [
      {
        "screen": "AdminDashboard",
        "message": "Screen \"AdminDashboard\" is defined but not referenced anywhere",
        "severity": "warning"
      },
      {
        "screen": "TeachersList",
        "message": "Screen \"TeachersList\" is defined but not referenced anywhere",
        "severity": "warning"
      },
      {
        "screen": "StudentsList",
        "message": "Screen \"StudentsList\" is defined but not referenced anywhere",
        "severity": "warning"
      },
      {
        "screen": "TeacherDashboard",
        "message": "Screen \"TeacherDashboard\" is defined but not referenced anywhere",
        "severity": "warning"
      },
      {
        "screen": "ParentDashboard",
        "message": "Screen \"ParentDashboard\" is defined but not referenced anywhere",
        "severity": "warning"
      },
      {
        "screen": "SchoolSelect",
        "message": "Screen \"SchoolSelect\" is defined but not referenced anywhere",
        "severity": "warning"
      },
      {
        "screen": "Login",
        "message": "Screen \"Login\" is defined but not referenced anywhere",
        "severity": "warning"
      }
    ]
  },
  "suggestions": [
    "Duplicate dependency: @babel/code-frame (7.27.1, 7.10.4)",
    "Duplicate dependency: debug (4.4.1, 3.2.7, 2.6.9)",
    "Duplicate dependency: color-convert (2.0.1, 1.9.3)",
    "Duplicate dependency: glob (10.4.5, 7.2.3)",
    "Duplicate dependency: strip-ansi (6.0.1, 7.1.0, 5.2.0)",
    "Duplicate dependency: string-width (5.1.2, 4.2.3)",
    "Duplicate dependency: wrap-ansi (8.1.0, 7.0.0)",
    "Duplicate dependency: readable-stream (2.3.8, 4.7.0)",
    "Duplicate dependency: string_decoder (1.1.1, 1.3.0)",
    "Duplicate dependency: buffer (6.0.3, 5.7.1)",
    "Duplicate dependency: minimatch (5.1.6, 3.1.2, 9.0.5)",
    "Duplicate dependency: brace-expansion (2.0.2, 1.1.12)",
    "Duplicate dependency: resolve (2.0.0-next.5, 1.7.1, 1.22.10)",
    "Duplicate dependency: import-fresh (3.3.1, 2.0.0)",
    "Duplicate dependency: js-yaml (4.1.0, 3.14.1)",
    "Duplicate dependency: chalk (4.1.2, 2.4.2)",
    "Duplicate dependency: ansi-styles (4.3.0, 3.2.1)",
    "Duplicate dependency: supports-color (7.2.0, 5.5.0, 8.1.1)",
    "Duplicate dependency: find-up (5.0.0, 4.1.0)",
    "Duplicate dependency: locate-path (6.0.0, 5.0.0)",
    "Duplicate dependency: p-locate (5.0.0, 4.1.0)",
    "Duplicate dependency: open (7.4.2, 8.4.2)",
    "Duplicate dependency: send (0.19.0, 0.19.1)",
    "Duplicate dependency: on-finished (2.4.1, 2.3.0)",
    "Duplicate dependency: ws (6.2.3, 8.18.3, 7.5.10)",
    "Duplicate dependency: bplist-parser (0.3.2, 0.3.1)",
    "Duplicate dependency: p-limit (3.1.0, 2.3.0)",
    "Duplicate dependency: hermes-parser (0.25.1, 0.29.1)",
    {
      "title": "ESLint configuration missing",
      "description": "Consider adding ESLint configuration for better code quality checks",
      "suggestion": "Run `npm init @eslint/config` to set up ESLint for your project"
    }
  ],
  "patches": [
    {
      "title": "Format src/app/admin/AdminDashboard.js with Prettier",
      "description": "Run Prettier on this file to ensure consistent formatting",
      "command": "npx prettier --write \"src/app/admin/AdminDashboard.js\""
    },
    {
      "title": "Format src/app/auth/Login.js with Prettier",
      "description": "Run Prettier on this file to ensure consistent formatting",
      "command": "npx prettier --write \"src/app/auth/Login.js\""
    },
    {
      "title": "Format src/app/auth/SchoolSelect.js with Prettier",
      "description": "Run Prettier on this file to ensure consistent formatting",
      "command": "npx prettier --write \"src/app/auth/SchoolSelect.js\""
    },
    {
      "title": "Format src/app/common/StudentsList.js with Prettier",
      "description": "Run Prettier on this file to ensure consistent formatting",
      "command": "npx prettier --write \"src/app/common/StudentsList.js\""
    },
    {
      "title": "Format src/app/common/TeachersList.js with Prettier",
      "description": "Run Prettier on this file to ensure consistent formatting",
      "command": "npx prettier --write \"src/app/common/TeachersList.js\""
    },
    {
      "title": "Format src/app/parent/ParentDashboard.js with Prettier",
      "description": "Run Prettier on this file to ensure consistent formatting",
      "command": "npx prettier --write \"src/app/parent/ParentDashboard.js\""
    },
    {
      "title": "Format src/app/teacher/TeacherDashboard.js with Prettier",
      "description": "Run Prettier on this file to ensure consistent formatting",
      "command": "npx prettier --write \"src/app/teacher/TeacherDashboard.js\""
    },
    {
      "title": "Format src/components/RefreshableScrollView.js with Prettier",
      "description": "Run Prettier on this file to ensure consistent formatting",
      "command": "npx prettier --write \"src/components/RefreshableScrollView.js\""
    },
    {
      "title": "Format src/components/ThemeToggle.js with Prettier",
      "description": "Run Prettier on this file to ensure consistent formatting",
      "command": "npx prettier --write \"src/components/ThemeToggle.js\""
    },
    {
      "title": "Format src/constants/colors.js with Prettier",
      "description": "Run Prettier on this file to ensure consistent formatting",
      "command": "npx prettier --write \"src/constants/colors.js\""
    },
    {
      "title": "Format src/constants/schools.js with Prettier",
      "description": "Run Prettier on this file to ensure consistent formatting",
      "command": "npx prettier --write \"src/constants/schools.js\""
    },
    {
      "title": "Format src/lib/api.js with Prettier",
      "description": "Run Prettier on this file to ensure consistent formatting",
      "command": "npx prettier --write \"src/lib/api.js\""
    },
    {
      "title": "Format src/lib/storage.js with Prettier",
      "description": "Run Prettier on this file to ensure consistent formatting",
      "command": "npx prettier --write \"src/lib/storage.js\""
    },
    {
      "title": "Format src/navigation/AppDrawer.js with Prettier",
      "description": "Run Prettier on this file to ensure consistent formatting",
      "command": "npx prettier --write \"src/navigation/AppDrawer.js\""
    },
    {
      "title": "Format src/navigation/index.js with Prettier",
      "description": "Run Prettier on this file to ensure consistent formatting",
      "command": "npx prettier --write \"src/navigation/index.js\""
    },
    {
      "title": "Format src/state/session.js with Prettier",
      "description": "Run Prettier on this file to ensure consistent formatting",
      "command": "npx prettier --write \"src/state/session.js\""
    },
    {
      "title": "Format src/state/theme.js with Prettier",
      "description": "Run Prettier on this file to ensure consistent formatting",
      "command": "npx prettier --write \"src/state/theme.js\""
    },
    {
      "title": "Format Code style issues found in 17 files. Run Prettier with --write to fix. with Prettier",
      "description": "Run Prettier on this file to ensure consistent formatting",
      "command": "npx prettier --write \"Code style issues found in 17 files. Run Prettier with --write to fix.\""
    }
  ],
  "backup": {
    "timestamp": "2025-08-31-125838",
    "tag": "health-2025-08-31-125838",
    "zipPath": "/Users/yigit/Desktop/school-app/backups/health-2025-08-31-125838.zip",
    "gitTagCreated": true
  }
}